ID Aprendedor,Edad,Plataforma de aprendizaje,Calidad del contenido,Nivel de reto de las actividades,Dificultad de las tareas,Resolución de dudas,Estructura del curso,Valor de las conversaciones en las comunidades,Examenes y evaluaciones,Curso Completo,Comentarios
19984,31,7,3,8,6,7,4,10,5,0,
19969,17,6,6,7,10,7,7,6,3,0,
19968,36,9,6,6,1,4,10,1,7,1,Para el nivel esperado es suficiente la información y los materiales son adecuados
19965,34,9,5,6,8,5,6,7,7,1,
19965,24,8,9,4,4,8,4,8,1,0,"deberia tener mas videos complementarios que expliquen el contenido, en para aprender mas"
19962,43,10,10,4,3,5,4,2,1,0,"No hay análisis de casos de estudio, al inicio de la maestría comentaron que los casos los tomaban de la biblioteca del ITESM"
19958,33,8,8,7,10,6,2,2,6,1,Particularmente para esta materia se necesita tener mayor numero de ejercicios explicados y resueltos
19945,31,6,5,8,6,4,4,7,9,1,
19939,29,5,4,4,4,8,10,5,5,1,
19939,37,9,5,4,4,2,4,2,6,0,Muy interesante y aplicable a todo negocio.
19933,45,8,7,7,3,4,1,4,7,0,
19920,22,6,5,4,2,5,8,3,3,0,
19915,35,7,3,6,7,10,10,2,3,1,"Excelente , como la mejora continua en los procesos, mantiene la continuidad de servicio con valor"
19915,37,10,6,4,9,3,1,6,7,1,
19912,31,9,6,7,4,3,9,10,2,0,
19907,36,9,9,6,1,9,2,8,6,0,Creo debe tener mas contenido
19896,30,9,4,4,2,4,8,1,6,1,El tema es interesante pero se requiere de asesorías para comprender mejor
19892,40,9,5,4,8,4,2,2,8,1,Permitan descargar los contenidos y material extra
19887,45,8,6,8,10,2,1,3,2,1,En algunos contenidos de BB la explicación no es clara. Sugiero explicar siempre los términos de las fórmulas y agregar al final glosario
19886,45,6,2,8,1,8,4,8,4,0,El profesor es quien hace fácil la realización de las actividades porque no está muy claro en todas las actividaades
19844,31,5,3,7,6,7,6,9,4,0,son buenos
19831,28,5,5,5,8,8,4,6,10,1,
19798,36,6,10,5,10,9,5,5,4,0,
19796,36,6,6,8,4,8,9,4,1,0,Se necesitan más ejemplos de Teorías de colas y prácticas. 
19786,26,9,8,8,6,8,3,3,10,1,Como que es una materia de relleno y no ayuda en mucho. 
19774,24,6,7,8,8,9,9,9,5,1,NINGUNO
19760,21,5,6,6,5,1,9,6,9,1,
19747,40,9,10,7,7,4,6,9,1,1,"En todas las materias es la misma estructura, un proyecto que definamos nosotros, 3 evidencias. Creo que ustedes deberían poner los casos a desarrollar, planteando problemáticas diversas que nosotros deberíamos proponer mejores soluciones en base a la teoría impartida y nuestra experiencia"
19745,27,7,5,6,2,9,7,3,10,1,
19736,37,10,3,4,4,9,9,6,2,1,
19726,42,8,6,7,5,1,4,3,9,1,buen contenido
19715,40,5,8,4,9,3,10,1,3,1,Los materiales tienen varios años de antigüedad.
19711,21,9,8,6,5,7,8,1,9,0,la informacion que contiene blackboard para cada tema es insuficiente.
19697,44,6,3,5,1,8,4,7,8,0,
19692,28,6,9,5,8,10,3,2,10,1,Ojala estuvieran disponibles antes de comenzar el curso para adelantar la laectura
19672,32,6,10,8,8,2,2,1,4,1,Muy buena cantidad de informacion
19646,34,8,9,8,3,6,10,2,3,1,Excelente 
19634,44,5,8,5,6,2,10,4,8,0,DEBEN TOMAR EN CUENTA TRABAJAMOS Y ESTUDIAMOS
19623,29,10,2,5,5,5,1,4,6,1,
19611,32,6,6,4,3,1,3,4,6,0,Falta desarrollar los temas
19591,17,10,2,8,9,2,3,3,1,0,buena materia
19573,32,5,10,8,4,8,10,1,9,0,temas de actualidad
19567,15,10,4,5,1,5,10,1,10,0,Ver CRM y SAP son paquetes de uso actual. Muy bien por incluirlos
19566,45,5,2,5,8,6,5,4,9,0,"creo que falta informacion, muy resumida la info que nos suben"
19564,15,9,6,6,9,1,10,7,1,1,
19530,38,10,3,4,3,10,1,8,5,1,
19526,41,5,10,8,4,3,5,1,6,0,"Algunos temas del Blackboard no se entienden del todo y no explican a detalle los pasos, por lo que casi siempre se tiene que buscar en diferente fuentes alternas."
19522,43,10,4,5,8,7,8,2,8,1,"Hubo un cambio en el diseño del curso y me agrado, pero empeoró en la siguiente materia"
19521,16,6,2,7,2,5,6,9,9,0,Un poco complicado de usar
19513,35,10,3,7,4,4,5,1,10,1,Creo que esta materia se repite con la que ya tomamos de Planeación de Proyectos de negocios I
19501,15,9,7,7,7,2,4,3,7,1,Base para las demas asignaturas. El materia fue bueno.
19494,17,7,9,8,3,5,1,5,2,0,"Tuve que buscar ciertas fórmulas que en los temas no venían, y requería obligatoriamente en las tareas."
19494,35,6,9,6,1,3,3,5,8,1,
19484,40,6,9,5,1,6,10,4,5,1,Siento que le falta enfoque a esta materia
19474,28,9,4,4,4,7,5,5,8,1,
19465,31,*,3,8,9,7,4,10,7,1,
19460,27,10,6,6,6,4,10,2,9,0,estoy aprendiendo mucho
19444,16,10,7,6,8,9,5,1,1,0,Buena pero no llevarla con derecho constitucional
19423,28,7,3,7,2,9,8,8,7,0,Faltaron audios del material 
19410,41,7,5,6,8,4,9,8,9,0,faltan uso de ejercicios en excel
19409,32,8,6,7,10,9,9,2,3,0,Excelente!
19398,34,10,8,6,8,8,7,9,6,1,falta un poco de informacion para ayuda con la certificacion
19393,31,5,2,8,2,8,5,7,3,0,
19366,15,5,5,7,3,9,6,1,4,1,Pienso que pudiera incluir algo más de lo que se pide en los ejercicios para examen
19341,26,5,10,7,9,9,9,6,9,0,
19339,31,8,6,7,5,6,4,3,8,0,"AL PARECER HUBO UN REDISEÑO DE CURSO. MATERIAL DE BLACKBOARD CON ERRORES DE REDACCIÓN, LÍNEAS EN PÁRRAFOS REPETIDAS, INSTRUCCIONES AMBIGUAS PARA LA ELABORACIÓN DE TAREAS, SE PASA MÁS TIEMPO TRATANDO DE ENTENDER QUÉ SE ESTÁ PIDIENDO QUE EL TIEMPO INVERTIDO EN REALIZAR LA TAREA. COMO OBSERVACIÓN Y RECOMENDACIÓN SERÍA EXTREMADAMENTE ÚTIL QUE SE PROPORCIONARA UN EJEMPLO O CASO REAL DE IMPLEMENTACIÓN DE ITIL PARA DESARROLLAR UN PROYECTO YA QUE PARA REALIZAR LA EVIDENCIA2, LA CUAL ES GENERAR UNA PROPUESTA CON BASE EN ITIL, ES DIFICIL LLEGAR A UN PLANTEAMIENTO BIEN ELABORADO Y ORDENADO YA QUE SE DESCONOCE LA FORMA DE HACERLO COMO PRESENTACIÓN PARA UNA EMPRESA, SOLO SE CONOCE LA TEORÍA, PERO NO UNA MANERA FORMAL DE PRESENTACIÓN."
19314,18,5,3,6,2,8,10,3,1,0,
19313,27,5,6,7,7,2,2,5,7,0,"Podrian los contenidos estar mas enfocados al PMBOK si se ofrece la posibilidad de presentar el examen de certificacion, el curso deberia prepararte para el examen del PMBOK y tambien para aprobar el curso"
19302,42,8,10,8,4,6,6,9,9,0,CONSIDERO QUE LOS PROGRAMAS ENTAN MUY SATURADOS PARA EL ESTUDIANTE EN LINEA Y QUE ADEMAS LABORA
19297,29,5,10,8,4,2,7,9,6,1,Muy completo 
19280,22,9,5,4,4,6,3,1,9,1,Las tres de Mate como dice elmaestro Sergio nos están despertando las neuronas y es cierto pero son buenas por que te ponen a pensar
19279,17,5,10,8,7,5,10,9,7,0,
19274,35,7,6,8,9,9,8,9,10,1,La información es útil sin embargo podría tener una mayor nivel de precisión.
19266,29,6,8,7,7,7,4,5,4,1,
19259,33,9,8,5,5,6,2,10,4,1,
19256,17,8,4,8,6,3,5,1,5,1,De mucho apoyo
19254,43,9,4,7,10,5,2,4,2,0,"Como dije anteriormente, no ingrese a la materia, por lo que no puedo emitir una opinión verás "
19249,40,8,2,8,9,8,8,9,4,0,Esta excelente la información sólo que es poco tiempo para verla
19246,43,8,3,8,8,10,1,8,6,1,
19242,45,9,5,7,5,2,6,10,8,0,
19230,34,8,2,5,7,2,7,6,5,1,
19223,36,8,10,7,4,5,9,3,5,0,
19204,29,9,2,8,8,1,9,1,2,1,"Es el mismo caso de Fundamentos matemáticos, en mi opinión requiere de materiales complementarios"
19200,17,10,2,4,5,9,8,3,5,0,
19198,21,6,9,5,8,9,7,6,2,1,
19185,19,5,7,8,9,3,2,7,10,1,
19184,40,6,3,5,6,9,4,10,3,1,
19178,37,5,10,6,7,4,2,5,4,0,"La parte del cálculo matemático considero debería estar mejor explicada, en conjunto con ejemplos explicados un poco más detallado. Sobre todo para aquellos alumnos que no tenemos grandes bases de finanzas, por la carrera de licenciatura tomada."
19154,24,10,10,7,4,1,2,3,9,0,El contenido de la maestria no esta enfocado a casos reales como las materias anteriores
19129,41,9,7,4,2,1,2,9,3,0,Un poco extenso.
19119,44,7,8,6,8,3,10,2,7,0,Excelente
19095,44,5,8,7,10,8,2,4,8,1,"el temario es pesimo, es una mezcla de diferentes versiones de exce. Los examenes califican mal, los temas son escasos de contenido, realmente no te preparan para la certificación de excel. "
19086,38,8,10,5,2,7,4,1,7,0,dinamica
19086,42,10,5,6,7,1,1,6,1,1,
19085,22,10,8,5,6,5,10,1,8,1,Bien
19072,24,5,5,6,2,6,1,8,5,0,bien
19069,34,8,9,5,3,4,3,5,2,0,
19057,38,6,8,4,6,1,,2,7,1,en esta materia y en general en las tomadas en este tetrameste he encontrado herramientas de aplicacion practica en mi area laboral que me han permitido crecer a nivel profesional y enfrentar los retos como profesionista mejor preparado
19030,15,7,2,7,6,7,2,3,6,0,Demasiada informacion sin practica
19023,37,10,5,7,7,5,10,6,5,0,
19013,33,5,10,6,9,5,10,5,2,0,
19012,26,8,10,7,4,5,8,7,6,1,
19009,38,7,9,4,7,9,8,10,7,1,
19002,41,9,9,6,8,2,3,2,4,0,No tiene nada que ver con los solicitado en las tareas y tiene uno que recurrir a otras fuentes
18998,37,7,3,8,10,2,7,2,6,1,Les falta contenido
18989,30,9,4,8,1,8,6,2,4,0,Los recurso de apoyo en PDF no contienen informacion detallada como en la explicacion del tema.
18968,42,7,4,5,2,1,6,3,9,1,
18925,23,5,8,6,10,4,5,5,9,1,
18910,34,5,7,6,2,3,5,3,5,0,
18905,34,5,8,6,9,3,8,7,9,0,
18886,30,6,10,6,7,7,4,10,7,0,
18885,21,5,5,8,8,1,9,8,5,1,mas información sobre la materia
18883,45,8,7,7,7,9,2,8,2,1,"Falta por favor actualizar los contenidos, los cables coaxiales ya van de salida."
18868,33,9,7,6,9,6,1,6,3,0,
18851,42,9,3,7,1,5,3,8,4,1,Para poder calificar excelente recomiendo mas ejemplos y problemas resueltos
18842,18,7,8,7,8,1,4,4,1,0,"Tiene bastantes erroes, incluso de ortografía. Algunos temas incluso tienen erroes teóricos!"
18833,28,5,7,7,9,3,5,10,4,1,
18828,39,5,5,7,5,10,7,3,9,0,
18787,25,8,4,4,5,2,10,10,6,0,
18786,23,7,4,5,3,1,8,10,2,0,
18764,43,5,9,4,6,5,7,1,9,1,"Excelente y muy interesante tema de especialidad, como tal es buena, pero creo que se pueden mejorar algunos temas (en particular donde solo se proporcionan fotos sin información), además de que creo que se puede mejorar la calidad de las explicaciones."
18755,36,6,7,5,6,10,5,6,3,0,
18736,45,6,8,4,5,5,9,5,4,1,
18714,23,9,2,5,8,10,9,7,6,1,
18709,31,6,4,8,5,9,5,7,10,1,
18687,15,10,9,7,1,8,4,4,2,0,mas informacion y ayuda para alumnos como yo que no tenemos experiencia en programacion
18684,45,9,6,4,6,1,3,10,6,0,
18671,45,8,5,8,8,10,4,2,6,0,muy necesaria y completa
18669,22,8,10,7,3,2,10,10,1,1,
18668,20,9,9,8,2,1,10,5,2,1,
18661,28,8,7,8,9,8,6,2,8,1,me encantó el enfoque de la  materia
18660,34,7,4,8,5,7,9,2,6,1,FALTA U POCO DE MATERIAL
18658,39,8,10,5,7,7,1,3,6,0,"El metodo de trabajar en equipo fue complicado ya que la carga de tareas y los tiempos de cada uno  de los integrantes del equipo, siento no  se presentaba con la calidad que se requeria el trabajo. Ademas de que no todos trabajamos en la misma proporcion"
18654,37,10,9,4,3,3,9,4,1,0,Complementar información de temas
18627,20,9,6,6,1,5,8,4,10,0,"El programa academico es muy largo, considero que deberían dividirlo en dos cursos"
18613,23,7,10,5,5,4,9,6,7,0,
18610,24,7,2,7,2,7,2,6,10,0,
18603,38,9,8,4,4,8,3,4,10,0,Hay confianza y claridad
18598,18,5,10,4,3,2,7,4,4,0,"Deben asegurarse que la plataforma la conocemos los nuevos alumnos, tuve mas problemas conociendo la plataforma que con la meteria en si. Este es uno de los motivos por los cuales no continuare en linea "
18587,21,6,5,7,10,10,4,6,6,1,
18583,32,7,6,6,1,6,6,6,9,0,
18563,26,9,3,8,2,4,9,1,1,1,"deberian hacer sesiones con ejercicios de cada tema, para asi tener idea de lo que haremos en el siguiente ejercicio, ya que normalmente la sesion y el ejercicio van desfasados"
18559,27,8,2,4,6,6,7,3,1,0,
18544,19,6,2,7,1,5,4,1,10,0,Es demasiado contenido y tareas que ocupan más de 6 horas 
18532,38,8,9,4,5,10,10,10,2,0,
18520,24,5,5,8,9,7,5,2,1,0,Muy dinámica 
18493,29,6,8,5,10,6,7,10,8,0,
18484,31,9,5,8,3,8,1,1,2,0,ninguno
18470,36,7,6,8,9,8,3,8,5,0,Buen temario
18470,15,8,3,7,6,3,7,6,7,1,
18456,41,10,6,8,1,1,10,1,3,1,"Tareas con respuestas sin sustento lógico, matemático ni basado en experiencias. El contenido didáctico no tiene relación con las tareas. Llegue al punto de casi renunciar debido a que no entendía cómo desarrollar las tareas basándome sólo en el contenido didáctico."
18450,33,10,4,4,1,5,8,7,1,0,
18425,37,6,9,4,4,8,6,2,5,1,material adecuado
18391,19,7,5,6,2,3,1,6,6,0,
18390,36,9,3,6,4,7,4,4,7,0,Muy confuso la informacion 
18388,44,9,6,6,1,10,8,10,,1,
18384,19,8,2,6,7,8,6,6,5,0,
18384,34,7,7,8,8,5,4,8,2,1,Se puede ampliar la información 
18374,22,5,3,4,2,8,4,7,6,1,
18347,44,5,7,7,3,10,3,3,4,1,Considero que son muchas actividades y no se asegura el conocimiento de los temas a través de las mismas
18334,39,7,,5,4,7,8,8,8,0,Requiere actualizar el contenido
18327,27,10,2,4,2,2,6,10,9,0,
18312,43,7,3,8,1,6,8,6,8,0,
18311,31,5,7,6,8,9,6,6,7,1,
18309,45,10,10,8,7,6,10,6,4,1,
18289,33,6,5,4,4,8,6,8,9,1,Puede ser mas extenso
18285,19,9,7,5,5,10,10,5,1,0,
18282,17,8,8,5,10,2,1,10,5,1,
18265,25,8,6,7,7,7,9,10,9,1,
18265,31,5,10,5,4,3,10,8,6,0,Creo que fue demasiada practica y no tenia ejemplos para poder saber si se estaba realizando de manera correcta 
18261,32,10,7,4,2,2,10,10,8,0,
18261,26,7,8,5,10,10,2,5,9,0,Tienes que buscar apoyo
18261,32,5,9,6,10,10,1,10,6,1,
18254,22,9,5,5,5,2,6,4,9,1,"La información es muy básica, insuficiente para la certificación."
18234,23,8,3,8,9,9,1,6,1,0,
18231,16,9,8,5,3,10,1,8,3,1,
18214,37,6,7,8,3,4,7,7,6,1,
18214,19,9,3,4,6,5,3,8,7,0,es buena materia para saber que es lo que realmente quieres 
18204,41,6,7,6,9,4,8,5,8,1,
18202,18,10,4,7,3,10,10,7,8,1,
18186,36,6,4,4,9,5,8,8,2,1,Para ésta materia se necesita más explicación y mucha práctica
18183,32,9,8,8,5,3,3,10,8,0,
18179,18,7,3,6,9,10,8,3,5,1,
18156,44,9,7,8,1,3,2,9,3,1,muy bien lo del audiocurso
18155,19,10,8,5,3,9,9,8,3,0,Es enredada y siento que es necesario más asesorías
18133,40,9,7,7,10,7,8,6,4,1,
18122,15,8,7,5,3,9,1,4,5,0,
18114,35,10,7,5,7,8,9,3,4,0,
18103,37,10,8,5,4,8,9,10,6,1,
18103,19,9,7,5,1,2,2,1,10,0,Material completo y claro para entender la materia y practicarla.
18065,18,7,3,4,9,1,4,4,9,1,"Tiene un extenso temario, que deja mucho qué desear, en un corto periodo, y en algunos casos, muy mal explicado. "
18060,22,7,3,7,10,6,4,8,2,1,No dan una guía de examen
18043,24,7,8,,6,7,7,6,7,1,
18035,34,6,3,7,9,2,3,3,6,1,"Considero que hoy en día los modelos de bases de datos no relacionales son opciones que aportan gran desempeño a los sistemas, por lo cual se deberían de ser considerados en la asignatura."
18033,19,9,4,4,3,8,5,10,1,0,
18024,30,9,6,8,5,8,4,7,6,0,
18024,25,9,3,4,4,7,9,8,4,0,"LOS TEMAS SON BUENOS PERO MUY CORTOS, NO TRAEN SUFICIENTE INFORMACION"
18010,45,8,8,5,8,6,6,9,4,1,Muy buena
18006,24,8,7,8,8,1,1,8,3,0,Los temas en los módulos no están bien redactados 
18000,36,8,4,6,2,7,5,2,7,1,Muy interesante el curso
17997,15,10,5,5,4,10,4,4,4,0,El examen final tiene muy poca relación con los contenidos teóricos
17981,25,10,7,8,3,4,7,9,8,0,"Considero que se ampliara un poco mas la información, hay conceptos que no se definen"
17980,18,10,7,8,4,6,5,7,8,1,
17979,24,7,9,7,2,6,2,9,4,0,"Son claros, objetivos y concretos."
17966,19,10,10,7,5,2,6,10,5,1,
17963,35,5,2,5,8,9,2,7,2,1,
17935,21,6,2,7,5,1,10,9,10,0,
17930,30,10,7,7,6,2,1,7,9,0,
17925,32,10,6,5,8,8,5,7,10,1,
17875,18,8,10,7,3,3,3,1,5,1,Explicaciones claras. Fáciles de comprender y de replicar conceptos.
17874,32,6,8,6,9,4,8,5,7,0,
17866,28,6,9,4,6,8,8,3,8,0,
17847,31,8,5,8,9,2,10,3,4,1,
17844,19,5,4,7,5,5,6,7,1,1,
17843,41,9,2,6,10,4,9,4,2,0,El profesor debe de aclarar mejor los entregables que se esperan para obtener la maxima calificacion
17843,40,9,2,6,9,4,2,10,10,0,
17842,36,10,8,4,10,1,5,6,2,1,
17839,15,9,5,7,3,2,8,10,6,0,
17836,35,10,6,4,9,9,5,7,5,0,
17812,15,10,2,5,8,5,3,3,10,1,Considero que falto el uso de la tecnología y uso de estrategias digitales a profundidad.
17764,22,5,2,7,6,9,2,1,8,0,"Muy bien muy poca teoria, y lo entiendo ya que se trata de practicar sin problema"
17764,43,5,6,4,6,10,3,4,10,0,los examenes estan mal redactados
17756,24,8,4,7,1,10,8,2,6,1,Interesante la materia.
17750,21,10,10,8,10,4,9,3,10,0,
17747,24,10,8,6,1,3,5,8,10,0,"Vienen mal planteadas las actividades, me las pides cada cierto tema, sin embargo no deberías, ya que requiero todo los temas para su solución, no se plantean bien como de pedirá la tarea. "
17736,21,10,5,5,5,7,5,7,9,1,
17718,41,5,7,5,10,10,10,3,10,0,
17715,17,10,4,7,3,5,4,4,5,1,"el método de estudio es poco dinámico muy repetitivo en todas las materias, evaluación del caso y proyecto, hay materias que podrían tener otro tipo de actividades de mas investigación o mas prácticas"
17714,32,8,2,7,5,,3,4,4,0,Hay temas que viene. En el examen de seis Sigma y no están en blackboard
17710,37,9,3,5,9,8,2,4,10,0,No tomé la clase
17708,24,8,7,8,5,7,7,7,7,0,
17705,37,10,4,7,1,6,7,7,4,0,
17691,17,8,5,8,10,1,9,7,7,0,
17686,28,8,2,6,10,9,9,4,5,1,Insuficiente información
17673,38,8,9,4,6,10,2,7,5,0,
17668,32,10,7,7,9,4,9,9,8,1,Siento falto ejercisios de practica
17663,15,9,10,6,7,8,1,2,7,1,"Siempre me ha llamado la Metodología, me falta ponerle mas atención, por que me esta absorviendo mucho el trabajo"
17652,32,6,3,4,9,7,8,7,6,0,
17649,36,5,6,4,5,4,4,6,6,1,
17619,19,5,8,7,6,10,8,9,5,0,coordinar un poco mejor las actividades
17616,28,10,8,7,8,6,7,8,1,0,Faltan ejemplos de aplicación para lanzar nuevos productos
17615,45,5,8,5,1,10,8,5,7,0,
17607,32,8,10,8,10,6,7,7,7,0,
17604,40,6,3,7,6,9,9,9,1,0,
17596,39,6,2,7,8,5,9,5,4,1,
17592,28,5,5,6,5,7,3,9,5,1,"Tiene información muy precisa y clara, sin embargo em gustaría que se explicarán un poco más los temas o que proporcionarán más bibliográfías para consultar más información de los temas de la materia. "
17588,21,10,7,6,9,2,6,2,5,1,"Me gustó mucho este curso, porque aunque es teórico, nos da los conceptos esenciales para iniciar esta maestría."
17588,42,7,4,4,2,8,6,7,4,1,
17580,42,10,2,7,3,10,4,4,7,0,la información del curso es poca para todo lo que se nos pide realizar
17566,20,8,6,5,3,7,5,4,8,1,Los contenidos de blackboard no están completos para la comprensión de los ejercicios de la materia 
17551,36,5,3,5,3,9,10,9,9,1,
17538,35,9,7,5,3,6,6,1,6,1,Muy bueno
17532,37,8,5,6,3,5,3,1,9,0,Excelente
17531,35,7,3,5,5,5,1,8,6,1,Confuso me gustaría más explicación 
17529,44,8,6,7,5,2,7,10,8,1,
17527,16,5,3,5,9,3,1,8,8,1,Errores en gráficas y textos
17520,41,6,9,4,6,2,6,7,8,0,
17519,24,6,8,7,9,8,6,4,1,1,La informacion proporcionada es poca considerando que en las actividades se solicita el desarrollo de formulas y no se explica con tanta claridad en el material
17500,20,8,4,4,9,10,10,2,6,1,Excelente
17484,45,10,7,4,10,7,2,5,1,0,Creo que al contenido le faltan ejemplos y explicaciones
17470,15,10,9,6,8,10,7,7,8,0,
17468,44,9,4,5,6,6,1,7,10,1,
17464,15,7,8,5,10,8,3,6,4,0,
17464,18,7,2,6,5,7,7,6,10,0,
17462,40,8,4,7,1,4,7,1,4,1,"LA DESCRIPCIÓN DE EJERCICIOS DEBEN DE DARLOA UN MAS CLARO, HAY OCACIONES QUE MENCIONAN LA PARTICIPACION GRUPAL, CREO QUE ES UN POCO COMPLICADO PARA LOS QUE TRABAJAMOS Y ESTAMOS EN LINEA"
17448,26,8,7,6,4,3,9,3,8,0,
17446,18,7,2,7,6,6,3,7,2,1,
17440,35,8,6,,5,6,1,4,10,1,
17438,34,10,2,7,4,3,4,10,1,1,
17434,34,10,7,8,1,3,3,3,3,0,Buenos
17425,41,7,7,5,7,9,10,2,2,1,Excelente el material q se proporcionó muy completo y actualizado 
17422,33,8,4,4,10,10,8,3,7,0,
17415,43,6,4,6,6,10,10,3,9,1,
17407,35,8,8,4,10,1,5,9,3,0,Las tres materias muy relacionadas
17398,28,6,4,6,6,6,4,9,10,0,muy acertada
17383,22,5,9,5,5,10,8,4,10,1,Me habría gustado que fuese mas interactivo el curso.
17381,38,5,2,8,3,5,10,7,7,0,
17369,16,9,9,5,5,1,3,6,10,1,
17367,45,6,5,4,9,2,5,10,7,0,
17335,15,9,6,8,7,,5,3,10,1,
17315,45,9,3,5,6,7,10,10,3,0,
17303,38,7,10,5,4,6,10,9,6,1,
17282,32,5,2,8,4,7,6,10,4,1,
17281,22,6,9,6,5,9,1,6,6,1,
17270,31,7,9,5,5,9,7,3,5,0,
17258,43,7,3,6,3,5,3,3,10,1,creo que hizo falta algo mas de informacion en el material
17252,20,10,7,7,4,3,4,9,2,0,muy buena informacion clara y digerible 
17250,26,5,3,5,6,5,10,3,6,1,
17240,37,8,5,7,10,8,9,10,1,1,
17239,16,6,7,5,3,6,6,7,5,1,
17226,40,8,3,5,9,10,3,1,6,0,excelente material 
17224,21,5,5,8,8,9,6,9,8,0,"La verdad y esoty seguro que como muchos nos tuvimos que apoyar en tutoriales de video u otras fuentes para elaborar las tareas, entender bien los pasos para lograr captar la informacion"
17221,17,8,4,4,6,5,5,1,7,0,Aún no curso la materia
17199,41,5,4,8,2,2,2,4,10,0,"Pésimo curso, imposible entender la parte numérica del curso. Faltan videos o explicaciones más claras o trabajos más sencillos a la altura de la información que proporcionan"
17198,20,10,10,4,7,8,7,6,2,1,
17193,17,7,2,7,5,2,1,3,7,1,"En algunos temas, consideré necesario leer varias veces el texto para poder comprenderlo completamente, algunas partes son confusas."
17192,24,10,2,5,6,8,1,8,9,1,Faltan ejemplos de varias cosas
17181,27,9,9,7,4,7,10,8,3,1,"Tengo dudas respecto a si la forma de evaluarnos con exámenes de opción múltiple, en donde estamos memorizando contenido, pueda ser realmente útil en la práctica y en la vida real."
17180,44,9,9,7,2,3,3,8,4,0,El contenido debería ser más ejecutivo.
17178,21,8,2,8,4,6,2,4,7,1,
17170,45,6,9,6,4,1,2,8,4,0,No sé a qué se refiere esta pregunta
17166,19,7,10,7,6,6,8,4,9,0,La di de baja
17155,31,9,4,8,9,8,5,7,4,1,
17129,28,5,7,4,3,3,10,3,4,1,
17116,17,9,3,6,4,4,8,10,1,1,
17112,40,10,7,4,4,4,9,10,7,1,
17111,21,7,8,7,9,6,3,10,7,0,
17111,36,8,3,4,8,3,2,2,3,1,Se ve interasante
17109,45,8,8,6,9,5,8,7,10,0,
17097,22,9,3,6,2,3,8,10,7,1,
17080,26,6,6,6,10,7,5,7,8,0,
17079,40,8,7,7,1,4,7,10,9,1,
17074,35,10,7,6,10,4,4,2,4,0,"No es Met. Inv. es planeación de proyectos. No sé por qué le pusieron ese nombre. Yo estaba esperando una cosa, me topé con otra"
17042,30,6,8,8,2,9,9,2,8,1,"Explicados todos los temas de una manera fácil de entender y mucho material para el aprendizaje,"
17013,39,10,7,4,6,10,8,10,8,0,
17008,26,9,10,4,7,7,3,5,4,1,Es demasiado material para tan poco tiempo y siento q no aprendo
16982,45,9,3,7,7,6,1,9,2,0,en ocasiones no es muy clara la informacion del curso
16941,24,5,2,5,3,2,10,4,8,1,"considero que es necesario que los temas vengan mejor explicados, los temas son muy complejos y considero no es suficiente la información."
16929,19,9,3,4,5,2,2,1,6,1,Muy buena materia.
16926,35,7,2,8,2,6,1,9,2,1,En general es correcta
16913,43,9,6,4,5,3,3,6,6,1,
16909,16,6,9,6,5,2,2,3,7,1,el contenido es el que falta actualizar
16903,26,8,3,7,6,4,3,7,7,0,
16856,45,8,6,4,5,1,8,8,3,0,"Vienen algunos errores en la explicación del tema, y algunos errores son en las fórmulas por lo que loan alumnos se pueden confundir"
16854,39,8,6,6,5,4,9,5,2,1,
16852,32,6,3,7,1,5,4,9,4,0,no me gustó que fuera enfocada a empresas dedicadas a la producción.
16844,34,9,7,5,10,10,9,6,4,1,
16832,36,7,10,7,10,2,7,5,7,1,
16773,26,5,5,7,7,2,1,8,9,1,
16766,38,8,4,5,4,8,6,7,3,1,
16748,24,9,9,4,10,1,10,10,2,1,
16746,40,8,2,8,9,10,10,9,5,1,
16738,37,8,2,8,8,2,6,5,4,1,
16712,33,7,8,5,3,1,8,6,8,1,
16684,39,8,7,8,9,4,10,8,10,1,"Se requiere más informacion desde cero, hay algunos que nunca habíamos cursado materias así. Y por esa causa salimos bajos."
16674,25,7,8,7,10,10,7,2,2,1,La Materia me mostró un Panorama nuevo para aplicarlo a mi empresa.
16646,33,5,8,7,7,1,2,10,3,1,
16645,42,10,10,6,8,9,2,8,10,0,mucha información en pestañas que tenemos que desglosar
16645,27,10,2,8,5,6,3,8,5,0,realmente es un poco dificil de comprender
16636,39,7,9,7,3,10,8,10,5,0,
16622,37,7,5,8,3,4,3,1,10,1,fueron claros y preciso
16614,25,7,10,5,7,1,9,10,4,1,
16612,18,5,9,7,6,5,6,5,3,1,
16602,26,9,4,8,2,7,5,2,10,1,Muy interesante
16601,35,7,6,7,1,7,5,5,9,0,
16572,24,5,10,6,4,2,10,4,6,0,El material realmente no está orientado a solucionar dudas.
16553,20,6,5,8,4,10,3,9,10,1,"Los ejemplos de los ejercicios deberian ser mas especificos ( mas detallados) paso por paso, sobre todo cuando se utilizan herramientas como el solver"
16549,32,7,9,5,7,8,8,10,5,0,
16543,24,8,2,6,3,3,6,9,3,1,brindar mas informacion sobre las materias con un enfoque de mejora
16543,31,5,9,7,1,9,9,1,9,0,bien pero investigación externa
16543,42,10,6,7,10,10,2,4,2,1,"Apenas inicio curso, esto se puede hacer con elementos al final, Nuevamente hacen cosas por hacer"
16541,27,8,9,8,7,1,2,8,4,0,Hay una desconexión muy grande entre los temas tratados y las actividades
16473,31,5,8,4,9,7,7,7,6,1,
16466,17,5,9,6,6,2,9,5,3,0,
16459,25,9,8,7,1,7,6,,4,0,
16451,21,6,3,4,9,4,10,4,10,0,"Los temas aunque hacen referencia a un libro de texto, no encontré las referencias del tema en dicho libro"
16438,24,9,3,4,6,6,3,2,7,0,No me gustó el libro de texto
16435,44,8,9,8,6,3,10,7,2,1,
16420,24,8,10,7,2,8,9,6,6,0,
16411,26,10,6,5,4,6,10,8,2,0,En el examen te hace preguntas que no vienen en el temario
16383,21,5,7,5,4,7,1,10,6,1,
16374,26,10,8,5,5,4,3,1,9,1,Excelentes
16371,39,9,4,5,5,8,10,6,10,1,
16363,29,6,6,4,6,6,6,2,3,0,Materia con gran importancia
16356,26,5,2,5,5,7,9,4,3,1,no tuve una retraolimentación oportuna y al no quedarme claras las instrucciones de la actividad 2 no fue entregada y me quedo reprobada la materia
16316,25,8,2,4,9,3,3,3,4,0,"Buen curso, siento que le falto poco al contenido, pero te deja enseñanza."
16306,20,10,4,8,3,3,9,5,7,0,
16302,22,7,7,5,3,8,9,8,9,1,tiene areas de oportunidad
16294,26,5,4,8,6,1,3,4,4,1,la materia no integra nada de la especialidad 
16278,17,9,7,4,1,5,7,5,1,0,
16275,18,7,2,5,1,5,3,1,3,1,Excelentes.
16259,24,7,2,7,1,7,7,1,7,0,Excelente Tutor
16254,15,8,6,4,1,1,8,10,9,1,
16225,20,7,9,8,3,2,7,4,1,0,"En contenidos de procesos matemáticos, para quienes no tenemos la habilidad, sería de mucha ayuda un contenido más didáctico que solo la explicación"
16220,24,6,3,5,4,1,10,8,3,1,considero que la informacion es reducida
16200,38,7,5,4,5,1,3,5,6,1,
16190,41,8,5,5,2,5,5,9,5,1,sin comentarios
16184,23,10,6,8,3,7,8,4,5,1,El temario debe actualizarse
16179,28,9,6,4,9,8,6,4,3,1,Obsoletas de acuerdo a lo que se aplica actualmente 
16147,44,7,8,7,5,10,2,8,8,1,No son del todo claros
16134,15,7,9,5,9,4,5,4,8,0,Falta ser mas didacta
16130,31,10,4,4,1,10,1,,10,0,
16129,34,8,7,7,6,10,10,4,3,0,El contenido en el blackboard en esta ocasión lo siento escaso de información
16123,34,5,6,7,9,1,1,1,5,0,No me gusto esperaba un nivel mas amplio
16098,23,5,2,4,6,9,10,9,4,0,
16089,45,10,5,6,6,9,8,10,3,1,
16070,34,6,10,5,9,4,3,6,5,1,
16063,31,6,9,8,7,5,8,1,4,0,"Deberían contener más ejemplos, asi de complicados como los que piden en las tareas."
16043,35,7,7,8,4,5,2,4,5,0,En un tema abarcan mucho
16020,27,7,10,8,3,3,4,1,2,1,EXCELENTE
16009,38,9,6,4,8,6,8,3,3,1,
16007,41,5,6,5,4,2,1,1,,1,una materia indispensable en la actualidad
15989,38,10,10,4,7,8,2,4,4,0,"Los temas no son claros, las tareas que piden no tienen relacion con los temas vistos en clase ni con el libro,"
15987,38,6,7,5,5,4,7,1,9,0,excelente profesor felicidades!!!
15986,39,8,5,5,3,10,5,5,3,0,
15985,23,9,6,4,10,2,1,3,10,0,"El proyecto no está bien definido, es complicado saber qué debemos desarrollar"
15984,31,5,5,4,8,3,6,6,8,0,
15984,18,7,9,8,1,5,10,3,7,1,
15978,29,8,4,4,1,6,9,6,1,0,
15971,42,9,2,5,10,4,4,9,1,0,Muy específica y direccionada
15958,38,10,7,4,6,10,5,3,6,0,
15952,29,6,10,4,1,7,3,10,2,1,
15952,15,5,2,4,4,7,6,4,1,1,"No son claros, están mal resumidos"
15946,40,9,9,4,5,1,2,3,9,1,"El material es bueno y explicito, sin embargo tiene errores ortograficos que en ocasiones muy especificas pueden confundir lo planteado."
15943,32,9,,6,10,2,10,1,9,0,"viene la explicacion del tema en video y la participacion de la persona que explica, es muy deficiente"
15943,33,10,4,8,6,5,1,10,1,0,
15929,39,6,10,5,7,3,3,5,1,0,
15927,20,7,6,4,1,5,6,1,8,1,poco informacion  y exmenes y tareas muy complejas
15924,32,10,2,6,7,4,10,1,3,1,Ninguno
15920,19,7,3,,6,4,2,1,10,1,Muy buena materia de buena utilidad
15909,30,6,4,6,4,2,7,5,3,1,
15898,33,6,6,5,8,3,1,9,7,1,sin comentarios
15898,18,10,9,4,10,2,4,3,1,0,
15895,21,8,5,6,4,4,1,5,4,0,"Falta desarrollar paso a paso del último tema no sólo teoría, porque la práctica en actividad 6 complicada y no hay información suficiente de práctica de ejemplos."
15891,39,8,5,6,1,5,9,2,9,0,Excelente temario y ejercicios
15891,33,8,4,8,6,8,4,7,1,1,
15863,37,10,4,4,1,3,4,7,9,0,
15854,31,5,4,5,9,9,2,4,1,1,Todo mal
15849,37,9,4,7,7,1,1,5,1,0,algunas de las cosas en las tareas  no las encotré en el temario
15842,21,5,8,5,6,10,3,4,10,1,en realidad es un refrito de la materia evaluación de proyectos de inversión 
15799,29,7,9,5,9,3,2,5,4,1,No la he terminado pero por ahora bien.
15736,16,8,7,6,4,8,7,3,2,1,
15731,21,7,4,8,2,1,4,8,3,1,Las lecturas de los módulos en muchas ocasiones son solo copias de los libros y no guardan una secuencia del todo.
15730,23,5,6,8,7,2,7,1,10,1,Exelente
15726,44,9,10,8,4,9,3,8,2,0,Los contenidos están completos sin embargo en las imágenes de las instrucciones para realizar las actividades las medidas son ilegibles es decir no se distinguen por la calidad de la imagen
15714,32,9,2,6,10,9,8,2,4,1,Información suficiente
15701,43,9,4,8,6,10,4,5,9,1,
15697,16,9,6,4,1,4,7,9,5,0,Muy buenos temas
15673,37,8,3,4,10,6,1,1,5,1,Sin comentarios.
15660,27,6,8,5,4,5,5,10,6,1,
15628,26,10,2,6,7,7,5,6,9,0,
15606,23,6,8,7,5,4,1,9,3,1,si es buena la informacion que ofrecen pero considero que podria ser aun mejor
15603,39,6,2,6,2,2,10,2,2,1,Excelente materia
15599,38,10,4,6,3,9,10,9,3,0,
15571,36,6,4,8,4,6,10,1,6,0,Un poco confusas oscilaciones de tarea ya que plataforma no es en todo correcta
15564,34,10,7,4,3,6,1,10,4,1,
15557,33,5,10,5,10,8,4,8,4,1,la información no tiene casos practicos es solo mucha información
15548,38,9,9,5,2,9,1,10,1,0,
15542,44,7,9,5,10,10,7,7,3,1,
15535,43,6,5,4,5,6,6,7,2,0,
15530,29,9,7,4,8,2,6,3,9,0,
15507,36,7,2,5,8,1,1,8,8,1,
15507,41,5,10,4,8,3,7,4,5,0,Faltan más videos para resolver los problemas
15497,24,9,10,7,10,3,2,10,9,0,
15485,45,9,5,8,2,8,10,8,8,1,La información esta un poco ambigua
15475,17,6,9,6,10,7,4,5,9,0,
15467,35,5,9,4,7,,4,4,5,0,Faltan explicaciones más prácticas aplicadas a la vida real
15452,15,7,6,7,3,2,1,7,6,0,
15443,38,8,8,6,,2,5,2,6,0,muy del estilo de evaluacion d eproyectos solo que esta vez dirigido para ingenieros
15435,19,10,2,6,9,7,5,10,9,0,
15424,28,7,10,6,8,10,10,2,8,1,"Excelente materia y la instructora se preocupo de nosotros los de primer ingreso que hubicaramos y conocieramos las herramientas disponibles, genial!!!"
15423,36,9,10,5,5,6,4,1,8,1,excelente
15422,25,8,5,6,1,8,7,7,2,1,
15409,20,10,8,8,4,6,3,10,4,0,
15385,30,6,5,7,3,6,5,6,10,0,
15379,40,9,8,7,2,4,7,2,6,1,La parte de los casos o escenarios dejan mucho al aire por lo cual sería bueno que se redactaran de forma clara lo que se solicita y los objetivos que se quieren cubrir.
15376,35,5,6,7,2,5,4,1,4,0,Estuepndo material
15375,39,10,7,7,4,7,10,7,1,1,
15373,41,5,3,5,4,5,9,6,4,1,
15336,23,8,9,8,3,8,5,5,5,0,
15307,29,10,10,8,3,9,6,4,8,0,el contenido tenia errores en la explicacion
15290,44,6,5,8,6,2,1,2,9,0,Si
15276,34,10,9,8,9,4,8,7,9,0,
15269,31,7,10,6,7,9,10,1,3,0,Una materia muy interesante y productiva.
15245,20,10,3,7,10,8,8,4,9,0,"Deben poner ejemplos en los formatos de entrega de actividades, no se tiene claridad del cómo presentar tareas."
15229,26,8,9,6,2,2,3,10,6,1,
15215,27,6,5,6,10,8,7,8,4,0,Falta ligas con las diversas a herramientas a usar.
15201,39,6,3,8,10,6,8,7,9,1,
15198,25,10,2,4,1,6,5,9,5,1,Hay temas que no son de libros
15194,29,8,6,6,1,9,1,9,7,0,"Entendí esta materia por las explicaciones del maestro, pero habían explicaciones en el curso que se contradecían con casos reales "
15190,39,6,4,4,7,7,3,6,4,0,
15158,41,5,3,7,6,8,8,5,5,0,
15154,34,7,4,5,2,5,10,4,7,0,No está claro el tema
15154,29,8,9,8,3,4,4,7,1,0,
15148,38,6,3,,7,8,7,4,1,0,"La prueba final se me hizo muy larga había ejercicios muy parecidos creo que con uno solo de cada tema visto era suficiente,  de 16 puntos eran casi 120 ejercicios, no pase la materia me falto tiempo para contestarlos"
15146,40,6,2,4,6,6,10,4,1,1,no tan bueno
15126,15,5,4,4,2,2,7,8,1,0,Por favor vídeos en los temas más complejos como el  mercado de capitales. Me quedé con dudas sobre alguna de la terminología para la parte de futuros y mercado de derivados relacionado con los temas
15123,40,7,9,8,2,4,5,1,5,0,"Aunque en lo personal las matemáticas se me complican, siempre es bueno hacer trabajar el cerebro y estar actualizado"
15117,45,6,3,7,10,1,1,10,6,1,
15105,28,7,9,4,1,2,8,10,4,1,
15100,26,7,9,6,2,7,7,6,8,1,
15096,37,10,6,7,8,5,3,1,5,1,la informacion sobre la materia de derecho es muy interesante y motivadora
15094,17,7,9,6,9,1,7,1,2,1,falta ejercicios en webex
15087,41,7,9,5,4,5,9,1,4,1,"En algunas ocasiones no logro entender las indicaciones, ya que es un poco confuso"
15086,42,6,9,4,8,7,10,3,5,0,
15071,30,8,8,5,6,6,8,2,2,1,"interesante materia, más material"
15067,16,10,5,8,7,9,7,2,7,0,Interesante y basica.
15063,35,7,2,6,7,5,8,1,8,0,Muy bien
15059,38,9,6,5,9,2,3,9,3,0,"Algunos de los ejemplos de Minitab que se colocan dentro de los temas no funcionan, es decir no abren al ejecutarlos"
15054,30,10,9,5,7,6,7,4,7,1,No eh podido tomar la materia
15042,19,6,7,4,1,9,8,8,7,1,deberian de permitir la descarga
15031,15,8,10,6,5,7,10,10,2,1,
15005,31,8,7,5,7,2,3,2,8,0,No le veo la aplicación en psicología
14993,35,7,4,6,7,6,9,7,1,0,
14964,37,8,7,6,2,5,7,7,9,1,
14941,33,9,9,8,2,3,1,8,6,1,
14936,31,5,10,8,4,4,10,5,5,1,
14930,27,10,10,5,7,10,7,7,10,0,
14928,32,10,8,7,4,8,2,1,10,0,"Me parecen muy concretos, faciles de comprender "
14926,22,8,5,8,6,6,1,8,4,0,Me hubiera gustado que haya más sesiones virtuales porque considero que una a la semana no es sufieciente para explicar los temas ni las dudas de las tareas 
14923,26,7,4,6,5,4,7,8,7,0,Faltó más detalle en los temas
14907,19,10,7,5,1,1,6,6,1,1,
14895,16,7,4,6,10,7,7,8,9,0,Estas materias entiendo deberíamos tener más sesiones ya que no son tan sencillas 
14843,37,5,7,7,9,6,3,10,3,1,
14834,32,6,10,6,6,7,1,1,2,0,No creo necesario llevar 3 módulos 
14806,44,6,7,8,3,5,10,6,4,0,
14806,40,9,5,8,4,2,2,5,1,0,errores en materiales 
14802,32,9,10,7,10,3,2,7,8,0,
14802,33,5,10,7,6,8,7,3,9,1,
14795,43,5,2,6,2,4,5,1,4,0,bien
14784,18,5,9,5,10,8,2,9,1,1,"muy completa información, sin embargo se me hace un tema muy extenso para tan poco tiempo"
14777,21,9,2,7,2,8,7,4,10,1,Hubo unas ocasiones en que la informacion no se desplegaba en el navegador. 
14769,21,8,10,5,6,10,8,2,2,0,GRACIAS
14753,22,5,6,8,9,3,4,4,4,0,La explicación de las formulas no es tan clara; encontré mejor calidad de contenidos en fuentes externas 
14748,26,7,9,8,1,5,4,7,4,0,
14740,24,10,10,4,7,1,7,3,9,0,
14737,45,9,9,8,6,8,4,8,5,0,Buena
14726,42,8,3,5,1,8,1,8,9,1,
14724,24,9,8,6,5,3,10,6,6,1,
14699,35,6,7,7,3,2,6,9,7,0,Buena calidad
14693,33,8,8,6,9,7,4,6,1,0,
14691,42,6,3,4,6,4,6,6,9,0,
14685,19,5,6,4,10,4,1,8,3,0,Podria ser mas extensa
14673,33,9,4,6,4,8,6,4,10,1,Hacen falta títulos para consulta y complemento de las clases
14648,39,6,3,8,2,8,10,7,3,0,
14640,36,10,10,7,5,2,3,6,3,1,
14632,39,6,6,6,3,5,9,8,3,1,en ocasiones parece incompleta
14618,25,7,3,7,10,2,1,8,8,1,Falto un poco más de historia.
14601,22,6,4,4,4,7,5,5,2,1,
14595,38,6,6,7,9,6,4,7,6,0,
14586,19,7,3,8,1,5,9,7,2,1,
14577,29,6,7,4,5,9,8,6,5,1,
14576,24,7,6,8,6,6,6,7,10,1,
14574,36,6,5,4,9,1,2,3,6,1,El curso apenas inicia.
14570,29,6,10,4,6,1,6,2,3,0,los temas venian completos y xplicados
14568,41,7,7,8,1,6,1,2,1,1,Su retoalimentacion ayuda a mejorar el conocimiento del tema. Es clara y puntual
14568,33,9,8,6,1,2,9,8,2,0,estaría excelente poner algunos ejemplos de empresas reales
14559,31,9,6,5,9,10,5,5,4,0,
14558,27,5,8,6,1,10,2,4,9,0,Problemas tecnicos
14544,23,9,4,4,9,9,9,7,10,0,
14518,33,10,9,8,2,1,6,7,2,1,
14516,39,5,5,4,2,1,10,10,9,0,
14497,42,5,6,7,1,10,6,4,7,0,No cursé la materia
14490,20,10,8,6,3,8,8,7,8,1,
14481,27,10,6,5,6,2,10,3,8,0,
14480,42,6,3,6,10,7,4,3,3,0,Algunos temas no tenian contenido llamativo
14470,45,9,5,5,3,2,2,7,7,0,
14445,19,8,6,6,3,3,6,4,10,0,"no esta bien organizada para el tiempo en que inicia la materia, los autodiagnosticos no coinciden con los temas que dicen ser y no hay explicacion alguna de como se manejan, los temas sin embargo la informacion es muy completa al igual de los recursos de apoyo en cada modulo"
14440,43,6,5,4,7,1,8,6,7,1,
14437,39,10,2,6,1,1,9,9,7,0,actualizados
14435,45,5,9,8,2,4,8,9,10,1,"Algunas materias tienen audios del curso, ohala y lo puedan aplicar para toddas"
14434,26,7,4,4,3,7,8,7,10,0,
14430,29,10,6,4,9,9,2,7,7,1,
14426,18,5,9,6,9,4,4,2,6,1,No he tomado esta materia
14415,41,9,6,7,3,5,9,10,5,0,
14413,19,6,8,7,7,9,9,2,3,1,excelentes explicaciones
14406,29,6,9,8,4,2,6,10,6,0,
14389,25,6,5,6,5,7,2,10,8,0,
14362,42,9,10,7,3,2,4,4,5,1,No se tiene claro 
14361,45,5,5,5,6,1,3,10,5,1,
14319,33,6,7,7,7,3,5,4,3,0,"Todo fue muy rápido, no se nos aviso con suficiente tiempo para conseguir una empresa, como lo indica el proceso que debe ser en el primer o segundo mes del tetra."
14311,20,7,8,6,10,6,7,7,6,1,
14309,33,6,4,4,10,6,5,6,8,0,
14300,33,10,6,4,5,1,9,6,3,0,
14297,44,5,6,6,3,9,4,2,9,0,No curse la materia 
14287,29,9,5,5,4,6,5,7,7,1,
14285,39,8,2,6,10,7,2,4,8,1,
14283,36,5,2,7,2,3,6,1,9,0,muy buena pero complicada
14258,22,8,4,4,4,8,4,3,1,1,"Bien, los felicito."
14250,40,8,7,5,10,10,9,7,10,0,
14241,22,7,2,6,2,8,2,10,2,0,
14240,26,10,3,8,1,5,1,3,5,1,El uso de videos me gustó mucho
14235,29,9,4,4,9,4,3,6,7,0,
14223,40,5,3,7,8,2,7,7,8,1,
14216,30,5,10,5,9,9,8,1,9,0,excelente
14213,35,9,2,6,1,2,10,5,5,1,
14184,33,8,8,4,1,10,10,9,1,1,
14177,19,9,9,7,7,4,10,5,9,1,
14172,16,7,2,4,9,6,9,7,9,0,
14170,39,6,6,8,2,4,6,4,10,0,Se me hizo complicado
14157,18,6,3,6,7,6,6,2,6,1,me gusta el material de apoyo que proporciona
14144,29,7,8,4,4,1,4,6,4,1,
14136,27,8,4,4,2,1,7,9,7,0,ME GUSTARIA QUE HUBIERA SESIONES PARA DAR MAS EXPLICACIONES DE LOS TEMAS
14136,15,7,4,5,8,9,8,5,1,1,
14131,18,6,6,6,9,10,4,6,7,1,
14112,39,5,9,4,3,8,10,4,2,0,es necesario especificar o poner ejemplos para tener una certeza de como realizar las actividades
14081,27,5,8,8,6,2,4,10,3,0,
14077,41,9,3,6,3,3,5,1,2,1,"Creo que si en las indicaciones se menciona que se tocaran los temas del 1 al 4, se toquen esos temas y no se hagan preguntas de temas mas alla, ya que en el lapso de esta materia en los ejerciocios pedian informacion en este ejemplo digamos no solo hasta el 4 si no hasta el 7 y 8 y uno se confunde y se atarea mas "
14067,27,8,9,7,3,1,8,9,7,1,falta la estrategia para determinar los margenes adecuados para fijar el precio
14067,33,10,8,4,3,7,1,4,5,1,
14037,31,6,9,5,1,6,5,3,5,1,
14035,23,7,2,6,5,2,3,8,7,1,"esperaba encontrar todo el manterial en las presentaciones, pero no es así, necesitamos indagar más, para poder atender las evidencias que solicitan"
14014,30,5,4,8,4,8,7,3,4,1,
14012,41,7,10,8,8,4,10,3,8,1,
14009,22,5,6,6,3,4,1,1,1,0,No pude tomar el curso
14001,17,5,3,6,6,5,8,8,2,1,es mucha información para el tipo de curso
13998,20,8,2,6,2,8,1,9,9,1,Falta ahodar en algunos temas pweo por lo general son muy claros y concisos
13990,44,8,10,4,5,6,7,2,3,1,"La materia es muy buena, pero si se tuviera más tiempo, creo que el efecto en cada estudiante sería mucho mejor. "
13978,15,8,8,4,8,2,4,9,2,1,muy buena
13974,40,6,8,6,7,9,7,2,5,1,"La primera sesión webex tuvo problemas técnicos y no se escuchó clara; por otro lado el material que se sube a blackboard no está claramente redactado, pareciera copiado y pegado en pedazos, o bien que se aplicó un traductor pero no se editó correctamente."
13962,21,5,7,7,3,7,10,1,1,1,"Esta es la única materia donde el contenido de los exámenes si correspondía al contenido del curso de BlackBoard y del libro de texto, los felicito por este excelente trabajo, mi pregunta es ¿Por qué los exámenes de las otras materias no pueden ser así? ¿Cuál es el objetivo de poner preguntas que nunca nos enseñaron a contestar? ¿Acaso quieren que los alumnos reprueben para que se reinscriban de nuevo y ustedes ganen más dinero?"
13960,42,8,5,7,3,,4,6,7,1,
13937,41,6,6,4,5,5,3,6,1,0,
13926,34,6,8,4,10,8,5,8,6,0,Me parece que la información es buena pero poner ejemplos reales ayudaría muchisimo
13924,22,6,7,7,9,2,9,2,5,0,"Excelente, aunque creo que los temas podrian llegar a considerarse extensos, sobre todo para personas que trabajan"
13916,31,9,6,8,2,7,6,4,6,1,"Demasiado contenido de otros sitios, se requiere contenido propio"
13910,18,7,7,4,3,7,8,6,10,1,
13901,42,5,3,7,3,8,6,5,7,0,
13897,16,9,6,8,1,8,2,5,6,1,"Me gustaría se presenten más ejemplos reales acerca de los proyectos que nos piden desarrollar, que sirvan de apoyo para los alumnos"
13886,37,8,7,5,6,9,2,9,10,1,El material es muy amigable para aprender a implementar la metodología de PMBOK
13854,32,6,5,8,9,6,6,2,9,1,Me encant
13840,41,7,9,4,3,9,1,1,2,1,son muy entendibles
13838,42,5,6,5,1,8,9,7,8,1,
13838,30,7,2,4,5,1,8,7,2,0,
13827,25,6,6,7,8,10,3,3,9,0,Buen curso y material proporcionado
13823,37,7,10,8,8,6,4,9,7,1,Ayudaría mucho poder tener ejemplos con videos para poder entender los pasos a seguir de alguno de los laboratorios.
13802,32,5,2,,1,7,3,3,1,1,"Considero que podría darnos una conferencia para reforzar lo aprendido en la materias y realizar debates sobre problemáticas actuales, que además podría contar a nivel curricular."
13785,29,6,10,5,7,2,5,10,10,1,
13762,38,9,8,6,1,9,6,9,1,1,Muy detallada informacion y con suficientes fuentes para expandar la investigacion
13742,17,8,5,8,7,6,1,9,9,1,Me hubiera gustado tener mas material extra de entendimiento
13702,33,8,4,4,9,5,7,4,8,0,No he aprendido nada. Es redundante.
13693,22,10,2,4,3,4,6,9,4,0,Me gustaria que tuviera mas ejemplos
13687,36,5,6,5,3,1,7,5,3,1,
13680,20,9,3,7,4,7,2,8,3,1,Requiere actualización
13660,34,10,4,8,5,4,6,4,7,1,enseñan cosas que ya no se usan en la actualidad
13638,30,5,2,8,8,6,8,2,4,1,"Información estratégica y relevante, muy buen apoyo para conocer el modelo y propósito de la institución"
13632,41,10,6,6,1,8,1,3,9,0,El mismo de arriba
13605,32,5,9,4,2,1,8,3,7,1,
13601,27,8,8,8,10,3,9,7,3,0,
13583,24,5,6,6,1,8,7,10,10,1,
13577,38,5,8,8,9,6,9,10,6,1,
13571,16,5,10,8,10,6,4,6,4,0,
13563,34,6,4,4,4,6,9,10,10,0,
13558,22,5,10,7,2,8,5,9,5,1,"Me gustaría que pusieran los apuntes en voz, así cuando trabajo lo puedo escuchar"
13554,19,7,2,8,7,10,5,3,5,0,
13547,18,6,8,4,6,9,6,8,7,0,Faltan ejercicios prácticos ya que casi no hay disponibles en el material
13544,20,9,8,8,10,7,7,7,2,1,
13525,29,9,5,8,9,1,10,4,8,0,DEBEN TOMAR EN CUENTA TRABAJAMOS Y ESTUDIAMOS
13516,17,7,4,8,2,3,6,8,4,1,hay partes donde es confuso y difícil de entender
13492,39,10,6,5,9,9,1,8,6,1,Aún no se entiende bien el proceso y puede dar como respuesta una calificación menor al potencial del alumno 
13483,23,6,7,6,10,6,9,9,10,1,la informacion es clara y precisa
13483,20,10,5,4,9,6,9,9,3,0,Hay errores ortogáficos en las lecturas
13473,25,8,4,4,4,2,8,1,4,1,"Dentro de este curso las actividades para entrega eran muchas veces redundantes en lo requerido, haciendolas absurdamente extensas. Además una de las actividades no tenía mucho aplicación a la carrera de Derecho, pues se requería aplicar conocimientos avanzados de Contabilidad, actuar y pensar como un contador, en lugar de dirigir la actividad a nociones de Derecho, lo que se me hizo, absurdo y no aplicable a la carrera. "
13473,17,6,7,8,8,9,10,2,2,0,"EN GENERAL NO SE INCLUYEN CLASES GRAVADAS QUE UNO PUDIERA SEGUIR EN CASA...CREO QUE ES ALGO EN LO QUE TIENEN QUE TRABAJAR, ES UN COMENTARIO EN GENERAL DE LAMAESTRIA PUES HE TOMADO MATERIAS EN OTRAS UNIVERSIDADES Y AHI SE INCLUYEN CLASES GRAVADAS QUE TE SIRVEN MUCHO PARA ENTENDER LOS CONCEPTOS."
13468,41,5,7,8,9,7,1,8,10,1,Los temas eran algo extensos
13467,19,9,8,7,2,9,6,3,7,0,
13452,41,5,7,6,3,1,7,2,9,0,La creación de por lo menos un video de clase sería magnífico.
13440,44,5,8,4,9,2,1,4,5,0,
13427,33,9,8,6,9,6,3,5,8,1,Creo que se centra en una sola opcion de toma de desicion. Deberian de incluir el audiocurso.
13423,25,9,8,8,6,2,9,6,4,0,
13418,15,6,2,4,5,9,7,7,7,0,
13417,25,8,7,8,3,8,7,4,8,0,No se explica bien como hacer las evidencia
13405,22,7,7,7,6,1,8,9,6,1,Excelente primera materia
13391,16,7,3,4,6,3,7,6,4,1,
13382,26,5,10,4,8,7,6,8,3,1,Puede ser mas extenso
13369,19,10,9,7,10,4,8,5,4,0,
13362,32,8,9,5,5,8,9,4,9,0,hace falta actualizar los bloques y darle mayor explicación a las actividades
13347,31,9,9,7,10,5,7,1,6,0,"En lo personal, considero que éste curso no cuenta con mucho material de apoyo, ni con ejemplos que nos ayuden a dar resolución a las actividades correspondientes."
13328,40,8,7,6,3,3,10,3,6,0,
13321,20,7,7,6,6,3,9,3,1,0,
13316,35,9,7,8,9,8,2,8,9,0,faltan videos
13303,22,7,10,6,8,6,10,9,6,0,
13278,22,8,3,5,10,3,4,9,4,1,links de black desactualizados
13268,22,8,3,7,4,3,6,4,1,1,"Estricto, nada empático, y poco o nada comprensivo."
13268,24,10,7,4,9,3,2,10,8,1,
13266,17,7,6,7,4,6,6,7,9,1,
13238,18,6,2,5,2,10,2,8,8,0,"Esta materia debió enfocarse más a un proyecto aplicado por nosotros en casos reales, no en analizar un caso de textos prediseñados pues siendo de las materias que llevan el enfoque especializante de la maestría habría sido más enriquecedor de algo más real o donde tuviésemos cercanía para la aplicación.  "
13233,43,5,10,6,8,6,6,10,4,1,
13228,39,6,5,7,9,5,1,2,4,1,Solamente la consideración del tiempo para el cambio de la metodogia que se empezo a utilizar 
13226,19,7,7,6,1,8,10,5,2,1,
13210,15,8,7,5,1,3,7,2,1,1,La información fue acorde lo que la materia solicitaba
13197,25,10,6,4,5,10,9,6,7,1,
13183,40,7,7,4,7,1,2,1,2,0,Me está dando un panorama diferente que no tenía contemplado
13178,21,5,8,7,5,6,7,8,9,0,Demasiado teórico
13174,26,7,9,4,8,9,4,10,2,1,
13150,30,9,10,4,5,7,10,10,6,1,
13150,42,9,4,8,10,6,6,3,8,1,
13150,30,6,5,5,7,8,2,9,7,1,bien
13143,37,10,6,4,3,8,6,10,3,1,
13136,30,5,4,7,3,5,6,4,5,1,FALTA INFORMACIÓN
13132,43,9,8,5,9,5,6,9,7,0,Sin comentarios
13129,32,7,4,4,5,3,10,2,1,1,Excelente información
13127,41,10,5,5,3,5,2,3,5,0,creo que se pueden mejorar mucho
13123,41,8,4,5,1,10,10,7,5,1,
13114,26,9,2,5,2,6,5,1,6,1,considero que no se manejan mucho en la carrera que estoy llevando
13111,33,7,7,8,4,2,1,5,10,0,"la informacion es  util, sin embargo para realizar las tareas y los examenes no es de mucho apoyo"
13066,18,8,7,5,10,8,3,8,6,1,"La información no es muy clara, puede tener ejemplos practicos para mejor comprensión"
13034,25,9,9,4,1,5,2,9,9,1,"la información es de buena calidad, podría mejorarse al ofrecer ejemplos reales, es decir, asociar la teoría con la práctica mediante ejemplos."
13021,27,10,10,7,10,5,9,7,1,1,
13014,37,8,2,7,8,3,4,3,4,0,
13009,29,7,6,8,8,8,5,8,8,1,Hubo temas en donde no estaba muy bien explicado en blackboard 
12999,17,10,6,5,2,1,9,9,6,0,"Para la certificación, si faltó que se mostrara información acerca de auditorías en los temas de blackboard"
12999,25,6,6,7,8,10,3,3,9,0,Buen temario
12999,25,8,9,7,3,10,4,6,1,1,
12992,44,8,3,4,2,2,4,6,1,0,
12990,16,8,3,8,1,6,4,8,9,0,en ocasiones se pierde la voz del profesor y no dan la oportunidad de bajar la clase para escucharla nuevamente porque los profesores no la ponen disponible y limitan el uso académico
12984,35,7,7,5,5,10,1,9,9,1,En general y voy a poner lo mismo en ocasiones temarios y los exámenes son de temas diferentes a los temas dados. 
12963,36,6,6,8,5,1,2,2,8,1,Sería de gran ayuda si los libros  se encuentrarán en la biblioteca digital
12961,32,6,7,6,4,2,8,9,7,0,Contiene todo lo necesario para aprender los temas
12959,42,10,10,4,2,1,5,3,1,1,
12953,37,5,6,7,3,8,1,1,9,1,un poco compleja
12930,42,9,3,6,10,7,8,9,10,0,.
12916,29,5,2,4,1,9,4,3,2,0,
12902,44,8,9,5,3,9,5,8,3,0,"en ocasiones me da impresión que quieren compactar la informacion, el uso de minitba super bueno "
12876,36,8,7,4,6,10,5,2,9,0,"Muy buenos, pero no profundizan demasiado en los temas"
12868,17,5,9,6,6,8,5,10,8,1,
12854,22,8,10,7,2,8,10,8,9,0,Falta la utilización de softwares
12843,28,6,7,4,4,9,2,5,9,1,confusos
12830,36,9,3,7,6,10,7,9,7,0,Ninguno
12809,25,5,9,4,4,1,4,10,9,1,
12795,17,6,4,4,6,3,10,8,3,1,Buena informacion
12783,34,7,2,6,4,5,7,8,3,1,añadir mas cosas visuales
12758,21,5,2,4,8,4,8,9,5,1,Falta poner más casos prácticos que complementen a la teoría
12732,41,9,6,7,1,5,9,4,6,0,No tome clases con ella
12726,23,6,3,6,1,2,10,9,3,1,
12719,40,6,9,6,7,6,10,2,5,0,Excelente
12714,20,9,2,8,7,2,1,3,10,0,El material que proporcionaban y la información que pedían en la tarea se volvía muy confusa porque divagaba mucho sobre cuál era la idea principal a plasmar en los trabajos y a muchos nos fue mal por eso 
12699,37,5,7,7,3,1,6,3,1,0,
12684,40,10,10,4,8,2,2,4,7,0,la utilice muy poco blackboard
12682,24,9,7,7,10,1,5,5,10,0,
12680,34,10,5,6,8,1,2,7,7,0,
12655,33,8,3,7,4,4,8,1,10,0,Las webex deberian tener horarios mas acordes para poder participar
12649,36,5,5,8,2,4,10,6,1,0,
12643,44,9,9,7,2,3,3,8,4,0,"Pueden mejorar los temas para el nivel de maestria, no me llamaran la atencion"
12642,24,6,10,4,3,8,2,7,6,0,
12639,44,8,4,5,5,10,7,3,2,0,
12627,40,8,4,7,1,2,1,8,8,1,
12579,30,8,9,4,5,4,3,1,10,1,Excelente!
12578,43,10,9,5,1,4,10,6,9,1,
12569,15,5,10,4,1,4,8,9,1,1,La plataforma falla en las sesiones web ya que hay interferencia en el audio y cuesta escuchar.
12546,42,8,3,5,,9,5,6,3,0,
12544,34,10,7,4,6,9,4,9,5,1,Muy bien
12534,39,8,9,5,3,6,9,4,9,1,Muy teorico no aprendi nada nuevo
12529,19,7,4,6,3,5,7,5,5,1,
12527,16,6,3,7,6,2,6,5,2,1,
12511,30,8,5,6,7,10,4,6,4,0,
12492,26,7,9,7,1,10,10,3,10,1,
12459,23,9,6,8,2,7,9,8,10,0,no existen ejemplos en excell donde desarrollar ejercicios
12458,30,6,9,4,4,3,10,2,10,0,"Es la materia que menos me ha aportado información interesante y practica para mi desarrollo profesional, yo eliminaría esta materia y la sustituiría por otra como fundamentos de administracion financiera o más afín, sentí como si fuera una materia de relleno."
12453,20,7,4,7,9,10,8,5,8,1,
12453,43,7,10,4,2,3,1,10,1,1,
12421,42,9,10,5,1,9,6,7,6,0,
12421,41,9,10,6,10,10,1,9,10,0,Hay materias con demasiada información 
12420,27,6,2,6,1,9,3,9,2,1,faltaron de explicar algunas herramientas 
12405,41,6,7,6,4,1,8,4,10,0,no aplica ya que di de baja la materia
12405,41,6,7,6,4,1,8,4,10,0,no aplica ya que di de baja la materia
12393,24,8,9,7,3,6,10,2,9,0,En mi opinion creo que es necesario expandir la biblioteca digital ya que solo se encuentra una cantidad muy pobre sobre algunos temas en especifico
12393,44,9,3,8,1,4,9,10,9,0,
12385,33,5,5,8,6,2,3,5,7,1,
12372,39,6,7,8,3,7,7,8,7,0,Mucha información si clarificar que se decea aplicar.
12369,30,10,10,4,6,5,9,2,3,1,falta explicacion de terminos y variables
12348,32,9,2,4,2,4,2,2,9,1,se explican muy bien los temas
12339,25,6,10,4,6,1,2,4,10,1,
12339,21,9,3,7,2,9,7,3,1,1,
12338,17,10,10,6,5,2,9,9,9,0,ninguno
12307,19,6,10,4,4,4,8,4,6,0,en esta materia siento que falto mas informacion.
12307,40,9,8,5,2,3,9,2,8,0,Excelentes
12295,23,9,8,6,7,1,2,7,6,0,
12277,21,9,10,6,4,9,6,7,8,1,
12270,22,8,3,4,5,1,8,10,5,1,
12266,42,9,5,7,9,7,8,9,1,1,Es requerida para el desempeño de la administración 
12257,19,5,10,7,1,4,4,9,4,0,"Algunos elementos interactivos, a veces dificultan la lectura. Podría en su lugar incluirse el contenido, junto con un esquema ilustrativo."
12252,15,8,2,4,7,4,6,7,4,0,
12250,27,5,5,4,8,7,6,7,3,1,
12236,18,7,4,8,8,7,3,3,10,1,Considero este curso muy importante pues es la base para entender otros como el de Seis Sigma. Creo que tiene muchísima información y el tiempo es corto para la materia pues son difícil de "digerir" los conceptos en tan corto tiempo sobretodo por no estar familiarizado con los términos. Personalmente daré otra repasada al curso completo pues quiero comprender toda la información pues sé que me será útil en un futuro. 
12228,25,10,3,8,6,6,3,6,9,1,
12176,19,9,9,7,4,1,1,7,5,1,
12154,17,6,6,6,3,10,7,2,1,1,"La información se me hizo muy difícil de entender, la materia me resultó muy pesada. "
12154,17,6,6,6,3,10,7,2,1,1,"La información se me hizo muy difícil de entender, la materia me resultó muy pesada. "
12126,33,7,4,5,4,7,2,1,6,0,Me gusta porque gradualmente nos elevan el nivel de exigencia.
12119,27,5,5,7,1,3,8,1,10,0,pienso que aqui nos falta mas información
12096,33,7,4,6,4,1,5,2,1,0,Muy buen dominio de los temas
12096,24,7,2,6,4,2,10,9,5,0,
12091,45,6,5,4,1,10,7,4,1,0,"El contenido esta desactualizado, y la herramienta sobre la que se piden los ejercicios no es fácil de conseguir"
12064,29,5,7,6,3,10,3,8,6,0,"Siento que falta más información, es poco contenido para un mes de clase "
12064,27,6,2,6,3,5,3,8,6,1,Es buena
12064,38,8,5,6,8,7,10,2,7,1,excelente 
12064,15,8,2,6,6,3,8,7,7,1,
12049,33,5,6,6,2,1,9,5,8,1,
12049,32,7,7,6,5,4,2,3,1,0,El contenido es bueno pero tiene detalles en instrucciones de tareas.
12043,16,6,9,6,8,9,6,2,4,1,Me quedo claro cuales son los procedimientos dentro de la universidad 
12021,39,9,10,6,1,6,1,9,2,0,Muy buena calidad
12007,29,9,10,5,1,3,1,1,2,0,"Se me facilita comprender con los simuladores, es muy buena herramienta."
12000,32,5,5,4,9,3,1,8,6,0,Adecuar el plan para mayor entendimiendo por parte del alumno
11993,44,10,9,7,3,1,6,6,4,1,
11979,43,10,6,4,8,2,9,9,3,0,Las fórmulas necesitan un mejor desglose
11974,40,8,2,5,10,5,4,3,2,0,
11970,37,6,5,8,5,2,10,1,6,1,ya revise el material me parece muy completo
11965,30,8,7,6,3,9,10,6,1,0,
11964,45,7,2,4,2,1,5,*,9,0,
11963,16,6,4,4,6,5,10,10,2,1,
11957,43,7,2,7,8,6,4,2,9,1,No hay congruencia entre los temas y las tareas
11950,31,6,2,5,8,9,6,3,7,1,
11927,28,7,4,7,10,5,1,7,4,1,
11921,39,9,3,7,1,2,3,10,7,1,
11916,45,10,4,5,9,3,6,9,4,1,preparado
11915,18,7,2,5,6,3,1,1,4,0,practico y muy bueno 
11896,25,6,2,7,9,4,4,2,8,0,"Muy superficiales, las actividades confusas y algunas sin sentido."
11895,45,6,10,4,5,6,4,4,9,1,"no explican de manera clara los temas, deben ser mas dinámicos y prácticos con los ejemplos, una liga de youtube no es suficiente, deberían realizar sus propios tutoriales para explicar los temas"
11894,35,8,7,5,10,1,1,8,1,0,"Hay que cuidar la ortografía tanto en el contenido como en el examen. En una respuesta, por ejemplo, decía Profiriato en vez de Porfiriato."
11879,16,6,9,8,5,10,6,,10,0,
11878,24,5,9,6,3,6,9,9,9,0,
11871,28,10,3,4,5,10,3,7,3,1,
11871,28,10,3,4,5,10,3,7,3,1,
11870,30,9,3,4,9,3,4,5,1,1,
11870,34,10,9,4,8,5,2,3,10,1,el manual no es accesible y deberian tener copias en los planteles para venderlos a los alumnos
11866,36,5,9,6,9,6,4,5,2,0,
11846,20,6,10,8,5,6,5,6,7,1,
11837,29,10,8,7,8,1,9,5,10,1,
11828,23,9,10,7,8,7,3,8,7,0,"Muy teóricos, me gustaría que hubiera más prácticas."
11826,34,6,9,8,10,9,5,3,6,1,
11824,32,10,3,8,4,1,10,7,9,1,
11811,45,7,5,7,6,1,5,8,6,1,puede mejorar
11803,22,8,5,8,9,7,9,8,6,1,aun le falta ecplicar los temas a ver no todos somos lic en informatica o sistemas
11764,25,7,4,7,7,6,10,5,7,0,
11737,22,6,6,5,10,8,10,5,2,1,
11731,33,5,5,8,8,7,6,10,4,1,
11728,21,8,2,6,2,10,2,2,5,0,"Para iniciar mi curso fué excelente, es muy necesaria para iniciar, excelente material y curso de inicio"
11726,26,9,2,6,2,7,9,7,9,0,
11721,45,8,10,6,10,7,6,6,1,1,
11636,35,6,4,6,1,7,6,1,5,0,La materia muy bien el libro muy muy elevado con ejercicios aplicados a biologia que no entiendo los terminos 
11602,31,10,9,4,4,1,5,9,10,1,El examen eran ejercicios y el temario tiene poco ejercicios
11586,42,6,4,8,10,5,3,10,10,1,
11582,24,9,8,5,3,3,10,7,2,0,
11575,36,9,9,4,3,5,5,9,2,0,Nos hace comprender y tener claro nuestros objetivos 
11556,32,7,6,8,2,2,10,8,8,0,Los problemas son medio confusos pero ayuda a entenderlos
11555,26,9,4,7,10,1,10,2,7,1,excelente a pesar que fue el inicio se me hizo completo el material
11554,18,5,9,5,2,4,5,6,6,0,
11526,37,8,6,6,9,9,9,4,7,1,El libro no me gusto por que hay que estar abriendo enlace y mas enlaces para contestar los Ejercicios por tal razon se pierde mucho tiempo para hacer dichos ejercicios y el libro se tarda mucho en abrir
11508,17,9,10,8,2,1,1,4,8,0,
11504,36,8,3,6,6,7,10,8,4,0,"faltas de ortografía y gramática y links rotos en el curso, necesita revisarse periodicamente "
11497,45,9,8,7,6,3,8,3,7,0,
11492,24,9,10,8,9,1,3,1,9,0,"Excelente, sin duda me ayudó a reflexionar sobre estos temas tan importantes, y lograr ser más consciente."
11491,40,9,10,5,9,6,4,7,7,1,
11491,35,9,8,5,8,4,6,9,7,0,SOLO ASÍ ENTENDÍ MEJOR LA MATERIA
11487,16,5,2,6,7,3,2,10,1,0,
11485,27,10,5,4,4,3,7,4,10,0,no tome la clase
11483,20,7,7,4,9,7,10,8,4,0,falta informacion
11482,42,9,8,7,4,4,3,,10,1,
11479,42,5,6,5,2,8,,9,8,1,
11463,42,9,10,8,2,5,6,7,10,0,
11432,19,6,7,4,2,2,1,3,8,1,"empezando la materia, me parece que esta plnateada para enfatizar en lo financiero de los negocios, se me hace muy practica, muy completa también"
11426,32,6,8,7,3,5,1,2,8,1,sin material en sesión webex
11423,16,7,6,5,3,9,5,5,2,0,
11421,30,8,10,5,8,4,7,5,2,0,
11408,18,5,4,8,6,4,10,1,6,1,no hay sesiones webex diarias
11407,31,9,8,5,7,4,10,2,6,0,es mejor hacerlo todo un zip imprimible
11404,40,9,8,7,8,10,6,9,8,0,Algunas veces se requiere de mayor investigación
11403,18,7,2,7,10,8,9,5,1,0,
11395,19,9,10,4,1,3,3,2,5,1,Nos enseñan a usar herramientas que podemos aplicar en nuestro trabajo y a la vez minimizar el tiempo para realizar las diferentes actividades.
11390,28,9,10,4,10,9,2,10,7,0,
11381,28,9,9,6,2,1,3,10,2,1,
11376,28,9,5,4,7,9,3,5,7,1,
11374,16,10,5,5,2,2,5,7,6,0,
11371,37,8,6,5,6,3,8,2,6,0,Hay muchas faltas en la redaccion de los textos
11371,15,8,8,7,5,10,4,7,5,1,
11368,44,9,9,8,7,5,4,5,5,1,
11319,21,5,2,5,6,10,6,10,8,0,
11314,20,6,2,8,2,5,7,5,7,0,
11302,18,7,5,4,1,6,2,9,6,0,"explicar mas los diagramas y los estados de resultado, ya que el tema es muy amplio y los números un poco complicados de explicar en letra"
11292,41,6,8,5,5,1,1,7,8,1,
11290,36,8,4,7,5,4,4,10,6,1,
11280,28,9,4,5,9,2,1,5,10,0,Los manuales de Sigmapro estan desactualizados
11276,15,7,6,8,2,4,7,10,9,0,
11275,45,8,2,4,7,10,8,5,8,0,
11271,43,5,8,5,7,10,7,3,1,0,
11253,36,5,4,7,7,2,6,1,1,0,le faltaria tener grabaciones webex
11222,45,8,3,6,4,1,1,9,7,0,creo que los trabajos deberian venir mas explicados pero muy bien la guia que nos deja de hacerle de 2 opciones para hacerlo mas facil
11218,40,5,7,6,6,5,6,4,6,0,Falta que expliquen mejor los temas del curso 
11196,17,9,8,8,8,4,8,4,1,1,"Es necesario una guia del profesor, para optimizar el aprendizaje, estar seguros de que debe entregarse en cada tarea."
11193,42,8,4,6,7,1,4,1,8,1,excelente
11183,34,9,6,7,9,5,1,7,2,1,
11181,17,8,10,4,2,4,9,8,7,0,mas práctica corta
11175,29,9,8,8,8,1,1,8,5,0,que los ordenen mejor
11154,39,8,2,4,9,8,8,7,7,0,
11145,45,5,8,7,4,8,7,8,6,1,Ampliar un poco mas los temarios
11142,37,6,7,4,2,3,8,10,7,1,
11106,19,9,10,7,7,9,2,10,1,1,
11092,33,10,10,4,5,9,10,2,5,0,Es confuso y muy repetitivo la entrega de los avances
11061,26,7,5,5,3,9,6,9,2,1,es necesario revisar que las actividades correspondan en los modulos correctamente encontre algunos errores como que el desarrollo del proyecto en la actividad 2 estaba combinado con el marco teorico y no correspondían.
11058,45,8,9,8,6,2,7,9,10,0,"Considero que los temas clave, deberian explicarse y no dejarse solo en el autoestudio"
11040,35,5,9,8,1,10,8,10,10,1,
11030,32,8,8,7,4,4,4,8,2,0,"Hubo un tema en particular sobre al análisis de la contribución marginal, en el cual se basaba una de las primeras actividades creo que la materia carecía de información al respecto en los módulos sobre este tema, y creo que al ser uno de los temas a desarrollar en la actividad debió de haber tenido más relevancia dentro de la materia, para poder entenderlo y desarrollarlo mejor."
11024,38,6,4,4,10,9,4,7,2,0,
11023,40,9,6,8,2,8,4,4,3,1,"No hay una estructura ni consistencia en el curso, es demasiado amplio como para querer abarcar muchos temas, enfóquense de acuerdo a la carrera, no lo hagan tan genérico, si es preciso hagan un test antes de iniciar el curso para que perfilen al alumno a qué nivel de psicología positiva debe ir."
11011,39,5,4,6,4,4,7,7,9,1,
11005,19,10,10,5,10,1,9,3,8,1,
11000,16,5,9,8,1,9,8,7,10,1,
10997,16,10,4,5,7,9,10,8,3,1,una materia um poco dificil para maneja r en linea
10991,44,9,3,7,6,3,8,10,2,0,
10990,30,8,3,7,7,9,6,7,5,0,
10986,34,6,5,8,3,4,3,10,3,0,
10985,19,7,9,4,5,5,2,2,1,0,para reforzar las habilidades aprendidas 
10951,34,6,3,4,2,8,5,8,5,1,Seria bueno ser mas detallado en los ejemplos de donde se obtiene cada dato.
10949,15,5,9,6,8,10,2,1,1,0,mas ejemplos
10912,28,8,8,8,6,1,4,9,1,0,las ejemplos de los ejercicios son un poco complicados de entender
10908,42,5,9,7,9,3,1,9,5,0,INFORMACION COMPLETA
10903,18,9,6,8,10,3,2,8,4,1,El examen fue algo confuco.
10889,20,6,5,6,3,10,4,3,8,0,
10887,38,8,2,5,2,4,9,7,8,1,
10876,44,5,10,6,8,4,4,4,5,1,"No es suficiente el contenido,  de la forma en que esta diseñado el curso dificilmente alguien va aprender a programar (yo ya se programar pues me dedico a ello)"
10867,17,10,5,4,9,2,6,2,6,0,"los contenidos son buenos pero se requiere de un mínimo de conocimiento previo de las materias ya que si no tienes un conocimiento previo puede ser muy difícil también es importante que los casos se renueven dentro de la misma materia, terminas odiando el caso y los protagonistas, y parece que la metodología de todas la clases es la misma. Se siente como una formula probada y repetitiva a mi no me atrae hacer lo mismo una y otra vez solo contestando diferentes preguntas."
10863,43,9,3,8,10,2,7,5,1,0,
10839,32,6,3,4,1,7,5,4,2,1,Me gustaría que nos dieran más información para profundizar en el tema.
10821,35,10,6,4,8,6,5,10,4,1,
10804,19,10,4,4,8,6,8,6,9,0,
10799,18,9,10,7,7,6,2,8,4,1,considero que algunos de los temas son demasiado amplios y en algunos puntos llegan a ser confusos
10792,20,6,3,5,4,7,1,5,5,0,quisiera tener más información sobre la materia otros autores
10786,28,6,3,6,8,7,1,8,8,1,Es una materia complicada y se debería incluir algun video o una clase real (no asesoría)
10784,38,8,5,4,2,7,9,4,4,1,"EL MANUAL NO DESCARGA IMÁGENES DE FÓRMULAS, FOTOS, ETC."
10775,38,6,2,6,2,10,3,6,4,1,
10769,30,8,10,6,8,2,1,5,1,1,falta mas claridad en la explicacion de las ecuaciones por sistema Redox
10766,15,5,5,6,5,6,7,6,1,1,
10757,45,9,3,5,2,10,3,8,1,0,no responde dudas se envian correos y no los responde
10757,45,9,3,5,2,10,3,8,1,0,no responde dudas se envian correos y no los responde
10756,33,10,9,7,2,8,2,1,2,0,me gusta la materia
10751,20,7,7,8,2,1,1,8,1,1,
10749,28,6,5,8,10,3,8,3,2,0,
10746,24,5,4,4,2,7,9,5,3,0,
10739,22,6,6,6,8,9,4,4,8,1,"información un poco confusa y muy escueta, no incluye muchísimos temas que se preguntan en el examen, la verdad está muy mal diseñada la materia"
10733,45,6,5,4,9,2,5,10,7,0,
10695,19,7,9,5,4,9,4,3,1,0,
10694,43,7,2,6,2,4,7,10,7,0,
10683,16,8,2,7,4,1,8,9,2,1,Bueno
10664,31,6,10,5,3,10,3,6,4,0,
10659,20,10,3,7,8,2,10,3,3,0,
10654,31,6,9,5,3,2,2,10,9,0,
10633,21,5,6,6,10,3,4,2,8,0,"no hay acceso a los materiales adicionales, no acceso a la biblioteca digital, información un poco confusa en los contenidos de las explicaciones"
10624,24,6,7,6,3,8,1,9,3,1,Creo que hacia falta se un poco más específicos.
10623,24,5,10,5,6,8,5,3,1,1,
10621,34,8,5,4,5,10,7,1,10,1,La materia debería ir antes del tetramestre empresarial
10614,29,8,5,4,2,7,4,1,2,0,"el material es acorde a la materia, se puede desarrollar la competencia de investigación. "
10611,17,10,7,8,6,6,6,2,6,0,Lo siento un poco escuetos 
10607,30,5,4,7,9,6,10,5,9,1,
10587,24,5,6,6,1,8,7,10,10,1,
10585,40,,7,5,6,9,,10,6,1,
10585,35,9,10,7,5,6,6,1,5,1,un poco confusas las instrucciones para las actividades
10581,32,10,5,7,2,8,7,10,5,0,
10574,36,6,6,4,2,10,10,1,9,1,faltan mas ejemplos para la certificacion y en español
10567,40,10,10,5,8,5,10,7,8,1,
10564,22,6,2,4,6,6,2,6,9,0,
10561,41,9,8,5,4,10,7,7,10,0,
10540,34,7,3,6,9,5,4,6,3,1,
10539,31,5,8,7,S,4,1,8,8,0,Creo que los contenidos pueden mejorar para explicar más temas de manera secuencial. 
10533,42,6,9,4,1,4,10,10,9,1,
10521,16,6,2,8,8,6,3,3,1,0,"Buena atención del profesor, hizo la materia muy interesante."
10506,21,6,9,6,4,9,5,10,8,1,
10497,20,7,8,5,6,5,10,5,10,0,
10493,30,9,8,8,8,4,10,8,9,0,Más información proporcionar por el tipo de proyecto solicitado y que es la primera vez a realizar este tipo de ejercicio.
10486,19,7,2,5,5,9,6,8,3,0,Creo que es necesario un poco mas de profundidad en el uso de los software 
10468,16,6,3,5,6,1,6,6,10,0,
10454,23,8,4,8,9,7,1,7,3,1,
10454,44,8,6,4,6,4,7,10,1,0,
10453,21,9,3,4,7,3,8,6,8,1,
10421,22,10,2,8,7,9,8,1,4,0,"se me hace muy interesante el conocer cada documento y su estructura para redactar, es de gran ayuda para mis trabajos posteriores."
10412,41,10,4,7,6,1,2,5,1,0,muy superficial
10390,19,8,9,7,10,6,7,7,6,1,
10385,29,9,8,6,10,10,7,7,8,0,
10361,36,5,6,5,6,6,3,9,2,1,Aprendo de manera rápida y clara cual es el objetivo
10361,16,10,7,5,3,3,6,4,6,0,"Ya no se brinda información sobre el proceso, solo las actividades a desarrollar"
10344,44,7,2,4,7,3,5,1,3,0,ahora domino los temas con mayor facilidad.
10340,23,7,9,5,6,5,5,8,6,0,La información es buena
10340,44,7,2,5,2,6,6,3,10,0,
10329,28,6,8,7,5,4,4,5,5,1,
10315,36,6,9,4,8,5,5,1,10,1,Bueno
10314,23,8,4,7,9,10,2,8,3,0,"Desde mi punto de vista eben de cambiar el enfoque de los ejercicios, más hacia el contenido de la materia"
10312,19,8,7,6,2,9,4,1,7,1,EXCELENTE
10309,39,8,8,6,3,9,5,7,2,0,
10302,24,7,2,5,1,5,10,5,6,0,
10294,31,10,6,4,5,6,2,3,1,1,El material es de un externo .No estoy de acuerdo que el externo aplique el examen final con valor de 20%.
10290,18,6,3,5,7,3,1,9,10,0,na
10287,15,7,9,6,7,4,8,1,2,0,Considero que es muy escasa la información que comparte
10284,24,10,7,6,7,9,6,3,3,1,
10283,17,5,6,7,2,7,4,4,2,1,"Pésimo contenido, la tarea me demandaba mucho tiempo ya que las imágenes no eran claras "
10280,20,10,4,7,7,2,2,5,9,0,Son pobres
10264,32,6,6,5,2,3,6,6,3,0,
10260,44,5,5,5,8,8,9,8,2,0,Bastante bien
10249,18,10,8,5,9,2,7,9,3,1,El contenido es muy eficiente
10247,32,7,7,5,8,6,9,9,8,0,Muy bien
10246,18,8,8,6,7,9,5,2,8,0,"Muy enriquecedor el contenido del curso, asi como de las laminillas de apoyo."
10232,23,9,8,4,6,10,1,9,10,0,FALTA ACTUALIZAR TEMAS
10228,24,5,6,7,6,9,5,1,5,0,bien
10223,24,10,9,6,4,7,6,8,3,0,hizo falta ejercicios para realizar y explicar el proceso ya que como son matematicas no esta muy claro 
10213,18,10,6,4,5,1,7,1,10,0,Excelente material y videos.
10212,38,7,8,5,4,1,6,6,8,0,
10201,34,8,5,4,9,5,5,8,10,1,Su contenido es muy deficiente y en los exámenes piden cosas que no se ven en los materiales.
10191,16,7,2,7,8,3,5,1,4,1,"Desarrollare formas fáciles de realizar redacciones, aplicar diferentes métodos.   "
10179,27,7,2,7,10,5,3,4,7,0,"Considero que tal cantidad de herramientas con fórmulas no da tiempo de analizar todo el contenido. Estoy seriamente confundida y si esto va a continuar así, desistiré de esta maestría."
10158,17,8,4,7,8,1,5,9,3,1,la secciones virtuales
10139,44,6,6,4,10,10,10,3,9,1,
10108,36,10,3,7,8,9,1,8,8,1,Ejemplos limitados
10107,31,8,6,5,5,2,6,5,8,1,
10107,30,7,9,4,1,1,2,1,10,0,Más ejemplos como las evidencias en donde dan menos información
10106,45,8,5,7,9,1,10,1,2,1,Algunos temas podrían ser desarrollados con más profundidad y detalle.
10105,43,9,8,6,7,1,6,7,4,1,
10087,35,9,9,4,6,5,1,7,2,1,
10086,41,9,3,5,1,8,9,9,2,1,buenos temas
10073,25,10,10,5,1,4,1,3,4,0,"El nivel de detalle es demasiado para un curso de Maestria, en particular uno que pretende formar en la Administracion de TI"
10071,21,10,5,7,8,1,5,10,4,0,
10060,43,10,4,6,3,8,2,3,7,0,"deberia haber mas informacion, no pude acceder a los videos nunca y es una materia que necesita mayor explicación. "
10041,19,5,8,5,9,4,4,9,10,1,"Solo me gustaria que revisaran la redacción de la aplicación de examenes, ya que lo uno aprende en esta materia es estructura y reglas gramaticales, pero en los examenes son confusos ya que las opciones de respuesta las mezclan mayusculas con minusculas y las opciones de respuestas no son coherentes con las reglas gramaticales que una esta aprendiendo y esto termina ser confuso"
10040,21,10,6,5,4,2,10,4,7,0,"La información es vaga, a mi punto de vista incompleta, y en este tema con respecto a las formulas falta información "
10037,26,7,6,7,5,4,6,8,3,1,Materia muy importante
10030,28,5,6,7,9,7,8,6,1,1,
10015,29,6,7,6,6,1,6,3,8,0,
10013,30,9,9,7,9,1,9,4,3,0,se entre cortaba mucho en las sesiones.. deberian EXIGIRLE a los instructores un ancho de banda minimo para exponer una sesion en vivo
10007,39,7,7,5,1,9,8,1,1,1,"el curso es bueno, pero tuvimos problemas con el sistema de psicowin, que atrasaron los tiempos de entrega de actividades"
10002,15,10,9,8,6,4,8,8,9,1,los simuladores son distintos a los examenes de certifoicación
10001,20,9,2,5,8,7,2,10,4,1,
